Author,Commits
Hwan-seok,11
wenxiangjiang,11
erf,12
eukleshnin,14
jtmcdole,11
immadisairaj,13
jithuraj,11
ShwetaChauhan18,10
dipakp2726,12
kurtome,17
imaNNeo,2
duck-dev-go,2
illiapoplawski,3
Flavsditz,5
YohanWadia,3
nathanaelneveux,3
eliasreis54,2
anleac,4
mattmyne,5
shwetachauhan-simform,6
pastordougdev,2
brainwo,2
idlehart,5
denisgl7,3
ayrotideysarkar,2
bparrishMines,2
lukepighetti,2
lohnn,4
unger1984,8
filiph,7
IanWadham,5
github-actions[bot],2
aeb-dev,2
sharyari,2
adil192,3
daisy1754,2
abgutierrez,2
tibotix,4
lig,6
mbiesiad,7
renato-soares-dextra,6
fa-fifi,3
pedia,2
YukiAttano,2
cmc5788,2
felangel,3
trunghq3101,2
woodsoul507,2
huangyunict,1
rivella50,2
Anas35,4
puneet-739,2
Yayo-Arellano,3
matthiasn,1
aakash-pamnani,2
markvideon,6
alestiago,10
xjyribro,2
christopherfujino,2
dinoandcat,3
nmarafo,4
lucasnlm,2
chirag729,2
ASGAlex,9
allisonryan0002,2
rubberbird,3
Gustl22,2
brumbrumm,2
av,9
jessp01,2
leeflix,2
Skyost,2
HarrisonQi,7
quentin7b,2
JosephCarrington,2
dependabot[bot],3
oloshe,4
AlexV525,2
KurtLa,6
victoreronmosele,2
fbcouch,2
l1553k,3
domesticmouse,3
NashIlli,2
elibdev,1
tyemy,2
erickzanardo-dx,3
projectitis,9
tozu,2
lfraker,2